site,SU,MaxCapacity
A,2.01759134,1624
B,1.878787879,1705
C ,1,0
D,1.870027181,4255
E,1.880191106,2232
